name,rating count,number of games,avg rating
Steam,193083,1079,3.8691374175872495
PlayStation Store,180124,736,3.9189569407741294
Xbox Store,161287,637,3.880114888366694
App Store,37802,212,3.818055658430774
GOG,78132,446,3.9355422874110535
Nintendo Store,72480,395,3.976047599337751
Xbox 360 Store,11796,29,3.761809935571378
Google Play,20757,118,3.8059941224647087
itch.io,5380,41,4.03746840148699
Epic Games,41841,107,3.9845799574579956
