name,rating count,number of games,avg rating
PC,201283,1096,3.8657971612108257
PlayStation,191222,769,3.9217667946156802
Xbox,164493,631,3.8840601727733044
iOS,31104,202,3.829535751028807
Android,20665,125,3.81944108395838
Apple Macintosh,72376,488,3.832501243506136
Linux,54190,331,3.8674759180660643
Nintendo,82521,425,3.9981180547981743
Atari,0,0,
Commodore / Amiga,0,0,
SEGA,0,0,
3DO,0,0,
Neo Geo,0,0,
Web,2905,5,3.8494251290877792
