name,rating count,number of games,avg rating
PC,202901,1117,3.8656261427986998
PlayStation,192877,787,3.920889271400941
Xbox,165833,648,3.8838625605277532
iOS,31743,206,3.828377910090414
Android,21078,126,3.8168308188632665
Apple Macintosh,72977,495,3.8321264233936763
Linux,54755,338,3.867277143639852
Nintendo,83258,436,3.997640707199309
Atari,0,0,
Commodore / Amiga,0,0,
SEGA,0,0,
3DO,0,0,
Neo Geo,0,0,
Web,2920,5,3.8447671232876712
