name,rating count,number of games,avg rating
PC,202667,1113,3.8654292015967036
PlayStation,192624,783,3.9205773423872388
Xbox,165606,644,3.8836663526683757
iOS,31724,206,3.8283306014373975
Android,21066,126,3.8167915123896297
Apple Macintosh,72952,495,3.832068620462775
Linux,54689,337,3.8669690431348194
Nintendo,83119,433,3.997233484522194
Atari,0,0,
Commodore / Amiga,0,0,
SEGA,0,0,
3DO,0,0,
Neo Geo,0,0,
Web,2917,5,3.8445320534796017
