name,rating count,number of games,avg rating
Steam,192857,1075,3.868982977024422
PlayStation Store,179874,732,3.918622535775039
Xbox Store,161062,633,3.8799055022289486
App Store,37780,212,3.8181326098464825
GOG,78077,445,3.9355356891274065
Nintendo Store,72348,392,3.975559517885776
Xbox 360 Store,11782,29,3.7618519775929364
Google Play,20744,118,3.806187813343616
itch.io,5378,41,4.0374693194496105
Epic Games,41731,105,3.984171239606049
