,name,rating count,number of games,avg rating
0,Steam,191643,1059,3.8694690648758283
1,PlayStation Store,178532,719,3.9198853426836617
2,Xbox Store,159995,622,3.8801819431857183
3,App Store,37173,209,3.8191733247249386
4,GOG,77433,436,3.93622228248939
5,Nintendo Store,71853,386,3.976017146117765
6,Xbox 360 Store,11744,29,3.762890837874658
7,Google Play,20347,117,3.8084705361969786
8,itch.io,5317,40,4.035999623848037
9,Epic Games,41529,104,3.9840280286065157
